CREATE DATABASE  IF NOT EXISTS `gimnasio` /*!40100 DEFAULT CHARACTER SET utf8mb4 COLLATE utf8mb4_0900_ai_ci */ /*!80016 DEFAULT ENCRYPTION='N' */;
USE `gimnasio`;
-- MySQL dump 10.13  Distrib 8.0.41, for Win64 (x86_64)
--
-- Host: 127.0.0.1    Database: gimnasio
-- ------------------------------------------------------
-- Server version	8.0.41

/*!40101 SET @OLD_CHARACTER_SET_CLIENT=@@CHARACTER_SET_CLIENT */;
/*!40101 SET @OLD_CHARACTER_SET_RESULTS=@@CHARACTER_SET_RESULTS */;
/*!40101 SET @OLD_COLLATION_CONNECTION=@@COLLATION_CONNECTION */;
/*!50503 SET NAMES utf8 */;
/*!40103 SET @OLD_TIME_ZONE=@@TIME_ZONE */;
/*!40103 SET TIME_ZONE='+00:00' */;
/*!40014 SET @OLD_UNIQUE_CHECKS=@@UNIQUE_CHECKS, UNIQUE_CHECKS=0 */;
/*!40014 SET @OLD_FOREIGN_KEY_CHECKS=@@FOREIGN_KEY_CHECKS, FOREIGN_KEY_CHECKS=0 */;
/*!40101 SET @OLD_SQL_MODE=@@SQL_MODE, SQL_MODE='NO_AUTO_VALUE_ON_ZERO' */;
/*!40111 SET @OLD_SQL_NOTES=@@SQL_NOTES, SQL_NOTES=0 */;

--
-- Table structure for table `categoria`
--

DROP TABLE IF EXISTS `categoria`;
/*!40101 SET @saved_cs_client     = @@character_set_client */;
/*!50503 SET character_set_client = utf8mb4 */;
CREATE TABLE `categoria` (
  `id_categoria` int NOT NULL AUTO_INCREMENT,
  `nombre` varchar(50) NOT NULL,
  PRIMARY KEY (`id_categoria`),
  UNIQUE KEY `nombre` (`nombre`)
) ENGINE=InnoDB AUTO_INCREMENT=9 DEFAULT CHARSET=utf8mb4 COLLATE=utf8mb4_0900_ai_ci;
/*!40101 SET character_set_client = @saved_cs_client */;

--
-- Dumping data for table `categoria`
--

LOCK TABLES `categoria` WRITE;
/*!40000 ALTER TABLE `categoria` DISABLE KEYS */;
INSERT INTO `categoria` VALUES (2,'CrossFit'),(7,'fuerza'),(8,'Mantenimiento'),(4,'Pilates'),(5,'powerlifting'),(1,'Yoga'),(3,'Zumba');
/*!40000 ALTER TABLE `categoria` ENABLE KEYS */;
UNLOCK TABLES;

--
-- Table structure for table `clase`
--

DROP TABLE IF EXISTS `clase`;
/*!40101 SET @saved_cs_client     = @@character_set_client */;
/*!50503 SET character_set_client = utf8mb4 */;
CREATE TABLE `clase` (
  `id_clase` int NOT NULL AUTO_INCREMENT,
  `nombre` varchar(100) NOT NULL,
  `descripcion` text,
  `fecha_inicio` date DEFAULT NULL,
  `hora_inicio` time DEFAULT NULL,
  `fecha_final` date DEFAULT NULL,
  `hora_final` time DEFAULT NULL,
  `duracion` int NOT NULL COMMENT 'Duracion en min de la clase',
  `capacidad` int NOT NULL,
  `estado` enum('Disponible','Llena','Cancelada') DEFAULT 'Disponible',
  `id_instructor` int NOT NULL,
  `id_categoria` int NOT NULL,
  `id_sala` int NOT NULL,
  PRIMARY KEY (`id_clase`),
  KEY `id_instructor` (`id_instructor`),
  KEY `id_categoria` (`id_categoria`),
  KEY `fk_sala` (`id_sala`),
  CONSTRAINT `clase_ibfk_1` FOREIGN KEY (`id_instructor`) REFERENCES `instructor` (`id_instructor`),
  CONSTRAINT `clase_ibfk_2` FOREIGN KEY (`id_categoria`) REFERENCES `categoria` (`id_categoria`),
  CONSTRAINT `fk_sala` FOREIGN KEY (`id_sala`) REFERENCES `sala` (`id_sala`)
) ENGINE=InnoDB AUTO_INCREMENT=5 DEFAULT CHARSET=utf8mb4 COLLATE=utf8mb4_0900_ai_ci;
/*!40101 SET character_set_client = @saved_cs_client */;

--
-- Dumping data for table `clase`
--

LOCK TABLES `clase` WRITE;
/*!40000 ALTER TABLE `clase` DISABLE KEYS */;
INSERT INTO `clase` VALUES (1,'Yoga Matutino','Clase de yoga para relajación','2025-05-01','08:30:00','2025-05-10','09:15:00',60,2,'Llena',1,1,1),(2,'CrossFit Intensivo','Entrenamiento de alta intensidad','2025-05-02','00:00:10','2025-06-02','10:45:00',45,15,'Disponible',2,2,2),(3,'Zumba Fiesta','Clase de zumba con música latina','2025-05-03','00:00:12','2025-05-13','01:30:00',50,25,'Disponible',3,3,3),(4,'Bailoterapia','Terapia para el cuerpo y alma','2025-05-03','10:30:00','2025-05-14','11:30:00',60,10,'Disponible',2,3,3);
/*!40000 ALTER TABLE `clase` ENABLE KEYS */;
UNLOCK TABLES;

--
-- Table structure for table `especialidad`
--

DROP TABLE IF EXISTS `especialidad`;
/*!40101 SET @saved_cs_client     = @@character_set_client */;
/*!50503 SET character_set_client = utf8mb4 */;
CREATE TABLE `especialidad` (
  `id_especialidad` int NOT NULL AUTO_INCREMENT,
  `nombre` varchar(50) NOT NULL,
  PRIMARY KEY (`id_especialidad`)
) ENGINE=InnoDB AUTO_INCREMENT=6 DEFAULT CHARSET=utf8mb4 COLLATE=utf8mb4_0900_ai_ci;
/*!40101 SET character_set_client = @saved_cs_client */;

--
-- Dumping data for table `especialidad`
--

LOCK TABLES `especialidad` WRITE;
/*!40000 ALTER TABLE `especialidad` DISABLE KEYS */;
INSERT INTO `especialidad` VALUES (1,'Salud Deportiva'),(2,'Pilates'),(3,'Yoga'),(4,'mario'),(5,'Preparación Física');
/*!40000 ALTER TABLE `especialidad` ENABLE KEYS */;
UNLOCK TABLES;

--
-- Table structure for table `inscripcion`
--

DROP TABLE IF EXISTS `inscripcion`;
/*!40101 SET @saved_cs_client     = @@character_set_client */;
/*!50503 SET character_set_client = utf8mb4 */;
CREATE TABLE `inscripcion` (
  `id_inscripcion` int NOT NULL AUTO_INCREMENT,
  `id_usuario` int NOT NULL,
  `id_clase` int NOT NULL,
  `estado` enum('En espera','confirmado','cancelado') DEFAULT 'En espera',
  `fecha_inscripcion` datetime DEFAULT CURRENT_TIMESTAMP,
  PRIMARY KEY (`id_inscripcion`),
  UNIQUE KEY `id_usuario` (`id_usuario`,`id_clase`),
  KEY `id_clase` (`id_clase`),
  CONSTRAINT `inscripcion_ibfk_1` FOREIGN KEY (`id_usuario`) REFERENCES `usuario` (`id_usuario`),
  CONSTRAINT `inscripcion_ibfk_2` FOREIGN KEY (`id_clase`) REFERENCES `clase` (`id_clase`)
) ENGINE=InnoDB AUTO_INCREMENT=5 DEFAULT CHARSET=utf8mb4 COLLATE=utf8mb4_0900_ai_ci;
/*!40101 SET character_set_client = @saved_cs_client */;

--
-- Dumping data for table `inscripcion`
--

LOCK TABLES `inscripcion` WRITE;
/*!40000 ALTER TABLE `inscripcion` DISABLE KEYS */;
INSERT INTO `inscripcion` VALUES (1,1,1,'confirmado','2025-05-04 14:50:36'),(2,2,2,'confirmado','2025-05-04 14:50:36'),(3,3,3,'confirmado','2025-05-04 14:50:36'),(4,2,1,'confirmado','2025-05-04 15:03:30');
/*!40000 ALTER TABLE `inscripcion` ENABLE KEYS */;
UNLOCK TABLES;

--
-- Table structure for table `instructor`
--

DROP TABLE IF EXISTS `instructor`;
/*!40101 SET @saved_cs_client     = @@character_set_client */;
/*!50503 SET character_set_client = utf8mb4 */;
CREATE TABLE `instructor` (
  `id_instructor` int NOT NULL AUTO_INCREMENT,
  `nombre` varchar(100) NOT NULL,
  `apellido` varchar(100) NOT NULL,
  `telefono` varchar(50) DEFAULT NULL,
  `correo` varchar(100) NOT NULL,
  `cedula` varchar(45) DEFAULT NULL,
  PRIMARY KEY (`id_instructor`),
  UNIQUE KEY `correo` (`correo`),
  UNIQUE KEY `Telefono` (`telefono`)
) ENGINE=InnoDB AUTO_INCREMENT=8 DEFAULT CHARSET=utf8mb4 COLLATE=utf8mb4_0900_ai_ci;
/*!40101 SET character_set_client = @saved_cs_client */;

--
-- Dumping data for table `instructor`
--

LOCK TABLES `instructor` WRITE;
/*!40000 ALTER TABLE `instructor` DISABLE KEYS */;
INSERT INTO `instructor` VALUES (1,'Javier','Mendoza','0412-3456789','javier@email.com','1'),(2,'Sofía','López','0414-5678901','sofia@email.com','2'),(3,'Pedro','Rodríguez','0416-6789012','pedro@email.com','3'),(4,'Javier','Madrid','04248876555','JavierAlaMadrid@gmail.com','4'),(5,'Gilberto','Velasquez','04129890131','gilberto123rafael@gmail.com','5'),(6,'Manuel','Herrera','0424547839','ManuelH@gmail.com','26842990'),(7,'hola','21212121','121212121212','212121dd2@gmail.com','21212121212');
/*!40000 ALTER TABLE `instructor` ENABLE KEYS */;
UNLOCK TABLES;

--
-- Table structure for table `instructor_especialidad`
--

DROP TABLE IF EXISTS `instructor_especialidad`;
/*!40101 SET @saved_cs_client     = @@character_set_client */;
/*!50503 SET character_set_client = utf8mb4 */;
CREATE TABLE `instructor_especialidad` (
  `id_Instruespecial` int NOT NULL AUTO_INCREMENT,
  `id_instructor` int NOT NULL,
  `id_especialidad` int NOT NULL,
  PRIMARY KEY (`id_Instruespecial`),
  UNIQUE KEY `id_instructor` (`id_instructor`,`id_especialidad`),
  KEY `id_especialidad` (`id_especialidad`),
  CONSTRAINT `instructor_especialidad_ibfk_1` FOREIGN KEY (`id_instructor`) REFERENCES `instructor` (`id_instructor`),
  CONSTRAINT `instructor_especialidad_ibfk_2` FOREIGN KEY (`id_especialidad`) REFERENCES `especialidad` (`id_especialidad`)
) ENGINE=InnoDB AUTO_INCREMENT=6 DEFAULT CHARSET=utf8mb4 COLLATE=utf8mb4_0900_ai_ci;
/*!40101 SET character_set_client = @saved_cs_client */;

--
-- Dumping data for table `instructor_especialidad`
--

LOCK TABLES `instructor_especialidad` WRITE;
/*!40000 ALTER TABLE `instructor_especialidad` DISABLE KEYS */;
INSERT INTO `instructor_especialidad` VALUES (1,1,1),(3,1,2),(4,1,3),(5,2,3);
/*!40000 ALTER TABLE `instructor_especialidad` ENABLE KEYS */;
UNLOCK TABLES;

--
-- Table structure for table `licencia`
--

DROP TABLE IF EXISTS `licencia`;
/*!40101 SET @saved_cs_client     = @@character_set_client */;
/*!50503 SET character_set_client = utf8mb4 */;
CREATE TABLE `licencia` (
  `id` bigint NOT NULL AUTO_INCREMENT,
  `id_instructor` int NOT NULL,
  `filename` varchar(255) NOT NULL,
  `filepath` varchar(500) NOT NULL,
  `uploaded_at` timestamp NOT NULL,
  PRIMARY KEY (`id`),
  KEY `id_instructor` (`id_instructor`),
  CONSTRAINT `licencia_ibfk_1` FOREIGN KEY (`id_instructor`) REFERENCES `instructor` (`id_instructor`)
) ENGINE=InnoDB AUTO_INCREMENT=3 DEFAULT CHARSET=utf8mb4 COLLATE=utf8mb4_0900_ai_ci;
/*!40101 SET character_set_client = @saved_cs_client */;

--
-- Dumping data for table `licencia`
--

LOCK TABLES `licencia` WRITE;
/*!40000 ALTER TABLE `licencia` DISABLE KEYS */;
INSERT INTO `licencia` VALUES (1,1,'licencia-1-1750907742075.docx','uploads\\licencias\\licencia-1-1750907742075.docx','2025-06-26 07:15:42'),(2,1,'licencia-1-1750908333237.docx','uploads\\licencias\\licencia-1-1750908333237.docx','2025-06-26 07:25:33');
/*!40000 ALTER TABLE `licencia` ENABLE KEYS */;
UNLOCK TABLES;

--
-- Table structure for table `sala`
--

DROP TABLE IF EXISTS `sala`;
/*!40101 SET @saved_cs_client     = @@character_set_client */;
/*!50503 SET character_set_client = utf8mb4 */;
CREATE TABLE `sala` (
  `id_sala` int NOT NULL AUTO_INCREMENT,
  `nombre` varchar(50) NOT NULL,
  `descripcion` text,
  `capacidad` int NOT NULL,
  `estado` enum('Mantenimiento','Disponible','Cerrada') DEFAULT 'Disponible',
  `id_categoria` int NOT NULL,
  PRIMARY KEY (`id_sala`),
  KEY `id_categoria` (`id_categoria`),
  CONSTRAINT `sala_ibfk_1` FOREIGN KEY (`id_categoria`) REFERENCES `categoria` (`id_categoria`)
) ENGINE=InnoDB AUTO_INCREMENT=6 DEFAULT CHARSET=utf8mb4 COLLATE=utf8mb4_0900_ai_ci;
/*!40101 SET character_set_client = @saved_cs_client */;

--
-- Dumping data for table `sala`
--

LOCK TABLES `sala` WRITE;
/*!40000 ALTER TABLE `sala` DISABLE KEYS */;
INSERT INTO `sala` VALUES (1,'Sala Yoga','realiza crossfit en la mejor clases',20,'Disponible',2),(2,'Sala Crossfit','Realiza las mejores rutinas de yoga',25,'Disponible',1),(3,'Sala Zumba','Realiza las mejores rutinas de Zumba',30,'Disponible',3),(4,'SofiPowerClass','Esta clase se centra en el entrenamiento de fuerza, afocándose en tres ejercicios base: sentadilla, peso muerto y press de banca ',10,NULL,5),(5,'SalaPower','Sala para entrenamiento de fuerza',15,NULL,7);
/*!40000 ALTER TABLE `sala` ENABLE KEYS */;
UNLOCK TABLES;

--
-- Table structure for table `usuario`
--

DROP TABLE IF EXISTS `usuario`;
/*!40101 SET @saved_cs_client     = @@character_set_client */;
/*!50503 SET character_set_client = utf8mb4 */;
CREATE TABLE `usuario` (
  `id_usuario` int NOT NULL AUTO_INCREMENT,
  `nombre` varchar(100) NOT NULL,
  `Apellido` varchar(100) NOT NULL,
  `correo` varchar(100) NOT NULL,
  `fecha_nacimiento` date DEFAULT NULL,
  `fechaIng` datetime DEFAULT CURRENT_TIMESTAMP,
  `estado_membresia` enum('Activo','Inactivo') DEFAULT 'Inactivo',
  `contrasena` varchar(50) DEFAULT NULL,
  `rol` enum('usuario','administrador') DEFAULT NULL,
  PRIMARY KEY (`id_usuario`),
  UNIQUE KEY `correo` (`correo`)
) ENGINE=InnoDB AUTO_INCREMENT=5 DEFAULT CHARSET=utf8mb4 COLLATE=utf8mb4_0900_ai_ci;
/*!40101 SET character_set_client = @saved_cs_client */;

--
-- Dumping data for table `usuario`
--

LOCK TABLES `usuario` WRITE;
/*!40000 ALTER TABLE `usuario` DISABLE KEYS */;
INSERT INTO `usuario` VALUES (1,'Gilberto','Ramírez','carlos@email.com','1990-05-20','2025-05-04 13:58:29','Activo',NULL,NULL),(2,'Edwin','Fernández','maria@email.com','1988-12-10','2025-05-04 13:58:29','Activo',NULL,NULL),(3,'Carlo','Pérez','luis@email.com','1995-07-02','2025-05-04 13:58:29','Inactivo',NULL,NULL),(4,'German','Gómez','andrea@email.com','2000-03-15','2025-05-04 13:58:29','Activo',NULL,NULL);
/*!40000 ALTER TABLE `usuario` ENABLE KEYS */;
UNLOCK TABLES;
/*!40103 SET TIME_ZONE=@OLD_TIME_ZONE */;

/*!40101 SET SQL_MODE=@OLD_SQL_MODE */;
/*!40014 SET FOREIGN_KEY_CHECKS=@OLD_FOREIGN_KEY_CHECKS */;
/*!40014 SET UNIQUE_CHECKS=@OLD_UNIQUE_CHECKS */;
/*!40101 SET CHARACTER_SET_CLIENT=@OLD_CHARACTER_SET_CLIENT */;
/*!40101 SET CHARACTER_SET_RESULTS=@OLD_CHARACTER_SET_RESULTS */;
/*!40101 SET COLLATION_CONNECTION=@OLD_COLLATION_CONNECTION */;
/*!40111 SET SQL_NOTES=@OLD_SQL_NOTES */;

-- Dump completed on 2025-06-26 11:31:49
